sensor_name,sensor_orientation_azi_dip,sensor_sensitivity,trace_start_time,trace_end_time,trace_num_samples,trace_sample_min_1,trace_sample_max_1,trace_sample_mean_1,trace_sample_median_1,trace_sample_rms_1,trace_sample_lower_quartile_1,trace_sample_upper_quartile_1,trace_sample_stdev_1,trace_name_original_1,trace_sample_min_2,trace_sample_max_2,trace_sample_mean_2,trace_sample_median_2,trace_sample_rms_2,trace_sample_lower_quartile_2,trace_sample_upper_quartile_2,trace_sample_stdev_2,trace_name_original_2,trace_name_original_Z,trace_sample_min_Z,trace_sample_max_Z,trace_sample_mean_Z,trace_sample_median_Z,trace_sample_rms_Z,trace_sample_lower_quartile_Z,trace_sample_upper_quartile_Z,trace_sample_stdev_Z,trace_sampling_rate_hz,trace_component_order,trace_name
S2,"{'Z': (0.0, 90.0), '1': (0.0, 0.0), '2': (90.0, 0.0)}",3.9e-06,2023-12-16T21:16:29.217923Z,2023-12-16T21:18:09.221923Z,3x25001,-284.50718793139094,255.35615090586725,-0.0616125773186746,-0.0516623619623715,55.46995333430978,-36.1105620457929,36.005326916587364,55.46991911658922,noise_2023-12-16T21:16:29.217923Z_WS.POZA.S2.DN1.MSEED,-153.9015856622491,129.55193233715545,-0.1389044581299439,-0.6562768198346021,34.835118163934055,-22.691607735896923,22.38058406492973,34.83484122321716,noise_2023-12-16T21:16:29.217923Z_WS.POZA.S2.DN2.MSEED,noise_2023-12-16T21:16:29.217923Z_WS.POZA.S2.DNZ.MSEED,-157.63252672803355,139.84050042790477,-0.0320700855026693,0.6101635294908192,32.2832027985907,-21.428271795157343,21.6399048656167,32.28318686939945,250.0,12Z,"bucket0$0,:3,:25001"
S2,"{'Z': (0.0, 90.0), '1': (0.0, 0.0), '2': (90.0, 0.0)}",3.9e-06,2023-12-16T00:16:29.218116Z,2023-12-16T00:18:09.222116Z,3x25001,-266.083874662796,210.67877773435976,-1.0839310726593383,-0.6598065053076425,50.81327287398377,-34.71278064381113,32.39402567109937,50.80171053808815,noise_2023-12-16T00:16:29.218116Z_WS.POZA.S2.DN1.MSEED,-164.33159170243607,171.20506667936843,0.0773567918237767,-0.0689756029805721,32.06884971348034,-21.102537749680774,20.964825344380188,32.06875641294129,noise_2023-12-16T00:16:29.218116Z_WS.POZA.S2.DN2.MSEED,noise_2023-12-16T00:16:29.218116Z_WS.POZA.S2.DNZ.MSEED,-136.5365232564218,173.95782629659516,-1.2503937732329276,-1.340962312038755,31.420532183893908,-22.37070364819374,19.688779024087125,31.39564234302194,250.0,12Z,"bucket0$1,:3,:25001"
S3,"{'Z': (0.0, 90.0), '1': (90.0, 0.0), '2': (180.0, 0.0)}",3.9e-06,2023-12-16T00:16:29.216875Z,2023-12-16T00:18:09.220875Z,3x25001,-215.4950346627338,203.1741035365103,-1.5825896452075308,-1.1523381182832964,49.7979413168425,-34.205215092046274,31.9005388554815,49.77278743862558,noise_2023-12-16T00:16:29.216875Z_WS.POZA.S3.DN1.MSEED,-145.84540957603258,125.5892711976294,-0.3770881156732961,0.3884730834879519,32.55002002793216,-21.64661903191427,21.42251283150836,32.547835694125695,noise_2023-12-16T00:16:29.216875Z_WS.POZA.S3.DN2.MSEED,noise_2023-12-16T00:16:29.216875Z_WS.POZA.S3.DNZ.MSEED,-145.14027590997284,119.2750982590078,-0.8048397201776336,-0.9123187957738992,31.52425979670546,-21.942060131928883,20.11742254035198,31.51398401908264,250.0,12Z,"bucket0$2,:3,:25001"
S3,"{'Z': (0.0, 90.0), '1': (90.0, 0.0), '2': (180.0, 0.0)}",3.9e-06,2023-12-16T21:16:29.216650Z,2023-12-16T21:18:09.220650Z,3x25001,-211.58545598443743,213.09381722965736,-1.3003175558216424,-1.2488793147931574,49.310747004421,-34.301756288557954,31.80399765896982,49.29359942617288,noise_2023-12-16T21:16:29.216650Z_WS.POZA.S3.DN1.MSEED,-123.0669258906446,129.3372526737203,-0.2208497248422209,0.1303346847716966,32.42002855908941,-21.904757430630525,22.16542680017392,32.41927632090612,noise_2023-12-16T21:16:29.216650Z_WS.POZA.S3.DN2.MSEED,noise_2023-12-16T21:16:29.216650Z_WS.POZA.S3.DNZ.MSEED,-124.6442906651937,128.76714908369468,-0.2169044950517897,-0.4373808986274525,31.88099089495748,-22.47581622327561,21.58577118374524,31.880253024158645,250.0,12Z,"bucket0$3,:3,:25001"
S5,"{'Z': (0.0, 90.0), '1': (0.0, 0.0), '2': (90.0, 0.0)}",3.9e-06,2023-12-16T21:16:29.219692Z,2023-12-16T21:18:09.223692Z,3x25001,-469.5748887901853,463.9188017272832,0.915702421968846,0.176815025397218,59.10810704442228,-34.87936068643012,37.23605067462836,59.101013590708575,noise_2023-12-16T21:16:29.219692Z_WS.POZA.S5.DN1.MSEED,-122.1961347563556,128.2045062692855,-0.4093594889783014,-1.002172919002987,31.40487484113004,-21.034205097001177,21.03315799705933,31.402206747230544,noise_2023-12-16T21:16:29.219692Z_WS.POZA.S5.DN2.MSEED,noise_2023-12-16T21:16:29.219692Z_WS.POZA.S5.DNZ.MSEED,-116.83452351469896,123.57087707935716,0.9400399786325984,1.36607204756001,31.577808331159908,-19.66366928856587,22.395813383714994,31.56381320179909,250.0,12Z,"bucket0$4,:3,:25001"
S5,"{'Z': (0.0, 90.0), '1': (0.0, 0.0), '2': (90.0, 0.0)}",3.9e-06,2023-12-16T00:16:29.218219Z,2023-12-16T00:18:09.222219Z,3x25001,-212.09732044592056,217.5901996133348,-1.256561896523163,-0.7590944072446746,50.9365270748893,-34.81362075004017,33.29531253522077,50.92102554594895,noise_2023-12-16T00:16:29.218219Z_WS.POZA.S5.DN1.MSEED,-117.13836322535508,137.26863647575374,0.1747393353797566,0.0490011358701849,31.220817153806884,-20.984561010830475,21.08280208323049,31.22032815196114,noise_2023-12-16T00:16:29.218219Z_WS.POZA.S5.DN2.MSEED,noise_2023-12-16T00:16:29.218219Z_WS.POZA.S5.DNZ.MSEED,-116.94047701638192,119.46071410816512,0.2988801829939241,0.2514245573838707,30.67191237264472,-20.77831677874201,21.28116589350975,30.670456130149205,250.0,12Z,"bucket0$5,:3,:25001"
S6,"{'Z': (0.0, 90.0), '1': (90.0, 0.0), '2': (180.0, 0.0)}",3.9e-06,2023-12-16T00:16:29.218749Z,2023-12-16T00:18:09.222749Z,3x25001,-205.3539724357688,184.2693638671626,0.232211711985625,-0.0236128056712914,48.72612111619512,-33.07744498207467,33.030219370732084,48.72556779300731,noise_2023-12-16T00:16:29.218749Z_WS.POZA.S6.DN1.MSEED,-166.84165989813482,124.62470977757636,0.0559551311423943,0.4259789336227868,31.514990895050108,-21.609292282274566,21.4596306305707,31.51494122060884,noise_2023-12-16T00:16:29.218749Z_WS.POZA.S6.DN2.MSEED,noise_2023-12-16T00:16:29.218749Z_WS.POZA.S6.DNZ.MSEED,-137.1502959894715,117.2545545056928,-0.6574120659567413,-0.930757814348908,31.65037478743469,-21.96049915047479,21.10767751029925,31.6435464757126,250.0,12Z,"bucket0$6,:3,:25001"
S6,"{'Z': (0.0, 90.0), '1': (90.0, 0.0), '2': (180.0, 0.0)}",3.9e-06,2023-12-16T21:16:29.217000Z,2023-12-16T21:18:09.221000Z,3x25001,-205.87343118131685,199.7743846208396,1.2199480372067877,1.4590331835424877,50.01643949789489,-32.59585136024543,34.50904454938427,50.00155944401296,noise_2023-12-16T21:16:29.217000Z_WS.POZA.S6.DN1.MSEED,-122.7052277456888,129.6986373928098,-0.7657079740826062,-0.5097210145927988,31.60362248658326,-22.54496238040764,20.523960532437627,31.59434515182912,noise_2023-12-16T21:16:29.217000Z_WS.POZA.S6.DN2.MSEED,noise_2023-12-16T21:16:29.217000Z_WS.POZA.S6.DNZ.MSEED,-131.91820307189482,121.49323667702264,-2.7632805095915938,-2.698389847297221,31.85376855082897,-23.74341442566947,18.331351488857763,31.73368638710406,250.0,12Z,"bucket0$7,:3,:25001"
S2,"{'Z': (0.0, 90.0), '1': (0.0, 0.0), '2': (90.0, 0.0)}",3.9e-06,2023-02-21T20:07:00.493184Z,2023-02-21T20:08:40.497184Z,3x25001,-480.1757922932229,486.3689244928937,-0.38407995708094,-0.4099827939207898,64.96280985143063,-43.47815945470575,41.65905190476042,64.96167444254915,noise_2023-02-21T20:07:00.493184Z_WS.POZA.S2.DN1.MSEED,-158.87980912501553,146.60880098979123,0.0567730488784759,0.3749183302702477,38.29726939670814,-26.6683012299618,26.41660792180028,38.297227315627886,noise_2023-02-21T20:07:00.493184Z_WS.POZA.S2.DN2.MSEED,noise_2023-02-21T20:07:00.493184Z_WS.POZA.S2.DNZ.MSEED,-152.06669490213972,151.42792970035225,1.139923428853402,1.1936583818751387,33.302611342078244,-21.853470931295305,23.20152722200146,33.283096261884864,250.0,12Z,"bucket0$8,:3,:25001"
S2,"{'Z': (0.0, 90.0), '1': (0.0, 0.0), '2': (90.0, 0.0)}",3.9e-06,2023-02-21T01:07:00.492647Z,2023-02-21T01:08:40.496647Z,3x25001,-177.9180796270375,201.69091219151235,0.8094798670805826,0.3685828415036667,47.02723851228085,-30.68123419485346,32.41945224524534,47.02027120759437,noise_2023-02-21T01:07:00.492647Z_WS.POZA.S2.DN1.MSEED,-119.68359588340354,128.71374640417343,-0.2880515603764085,-0.4929327841146005,30.736891131112817,-21.52649493081481,20.540868163245705,30.7355413601987,noise_2023-02-21T01:07:00.492647Z_WS.POZA.S2.DN2.MSEED,noise_2023-02-21T01:07:00.492647Z_WS.POZA.S2.DNZ.MSEED,-144.5175678981759,122.908604994067,1.575608036700866,1.7124939507630188,31.388525448135624,-19.31724738536286,22.77280177141074,31.348955152012955,250.0,12Z,"bucket0$9,:3,:25001"
S3,"{'Z': (0.0, 90.0), '1': (90.0, 0.0), '2': (180.0, 0.0)}",3.9e-06,2023-02-21T20:07:00.490809Z,2023-02-21T20:08:40.494809Z,3x25001,-289.6288637816797,290.2994946142153,0.3259941575891045,-0.1652107674217404,49.33650893242337,-32.21703537380381,32.88766620634124,49.33543190698112,noise_2023-02-21T20:07:00.490809Z_WS.POZA.S3.DN1.MSEED,-139.28716360754515,127.13891211996724,1.1567115764554707,0.9370616384449022,32.481102984687446,-21.09803047695732,22.972153753847124,32.46050014141452,noise_2023-02-21T20:07:00.490809Z_WS.POZA.S3.DN2.MSEED,noise_2023-02-21T20:07:00.490809Z_WS.POZA.S3.DNZ.MSEED,-146.19826345064212,144.27503875477123,0.953199832781436,1.0404923868190965,31.600126298523406,-19.989248949306784,22.07023372297408,31.585746661452305,250.0,12Z,"bucket0$10,:3,:25001"
S3,"{'Z': (0.0, 90.0), '1': (90.0, 0.0), '2': (180.0, 0.0)}",3.9e-06,2023-02-21T01:07:00.491238Z,2023-02-21T01:08:40.495238Z,3x25001,-186.03021828856072,198.5859457721799,-0.7999815861631883,-0.7333236404228956,46.899382506581176,-32.785148246804965,31.31754576331696,46.89255920677006,noise_2023-02-21T01:07:00.491238Z_WS.POZA.S3.DN1.MSEED,-140.04833286155915,130.38434034208058,-0.7325685777990176,-0.8256375842720445,32.070297980994766,-21.85919973097225,21.209932132450376,32.061930008479685,noise_2023-02-21T01:07:00.491238Z_WS.POZA.S3.DN2.MSEED,noise_2023-02-21T01:07:00.491238Z_WS.POZA.S3.DNZ.MSEED,-170.0625025818299,162.4702822958352,1.0886019953703,1.2167933150485624,31.771762456884534,-19.82823126335279,22.246534651174443,31.753107490643607,250.0,12Z,"bucket0$11,:3,:25001"
S4,"{'Z': (0.0, 90.0), '1': (0.0, 0.0), '2': (90.0, 0.0)}",3.9e-06,2023-02-21T20:07:00.489985Z,2023-02-21T20:08:40.493985Z,3x25001,-331.0403811017859,265.9154195660012,-0.703076902242732,-0.5116113641488482,50.46700310619634,-34.56649590793677,32.54222081225453,50.4621054395303,noise_2023-02-21T20:07:00.489985Z_WS.POZA.S4.DN1.MSEED,-126.28665267237376,117.10280097103168,-1.367530123718905,-1.0863321595534217,31.136451080134137,-22.119894306255446,19.947229987144965,31.10640524435923,noise_2023-02-21T20:07:00.489985Z_WS.POZA.S4.DN2.MSEED,noise_2023-02-21T20:07:00.489985Z_WS.POZA.S4.DNZ.MSEED,-127.7491976612655,131.66855629195925,0.036462298912413,-0.531489171407884,31.8357205972018,-21.56123050756287,21.50694615324028,31.83569971657402,250.0,12Z,"bucket0$12,:3,:25001"
S4,"{'Z': (0.0, 90.0), '1': (0.0, 0.0), '2': (90.0, 0.0)}",3.9e-06,2023-02-21T01:07:00.493079Z,2023-02-21T01:08:40.497079Z,3x25001,-188.34672809028416,202.27766058002453,-0.2601050437134154,-0.0457211373650352,46.73917217962737,-32.09659054110307,31.00409589899573,46.73844842742565,noise_2023-02-21T01:07:00.493079Z_WS.POZA.S4.DN1.MSEED,-171.05038762092954,125.4234975729196,0.2582588743267974,0.2231770600992604,30.81490851175983,-19.807422313937423,21.256739206801285,30.813826262604397,noise_2023-02-21T01:07:00.493079Z_WS.POZA.S4.DN2.MSEED,noise_2023-02-21T01:07:00.493079Z_WS.POZA.S4.DNZ.MSEED,-131.71092703135218,125.72000542934984,-0.5776666706166564,-0.4890090719854925,31.34007740381745,-21.518750408111373,20.54073226416949,31.334753116866175,250.0,12Z,"bucket0$13,:3,:25001"
S5,"{'Z': (0.0, 90.0), '1': (0.0, 0.0), '2': (90.0, 0.0)}",3.9e-06,2023-02-21T01:07:00.489562Z,2023-02-21T01:08:40.493562Z,3x25001,-205.94568460877557,187.6841894701157,2.738131353542854,2.387712723134655,49.067465934433855,-30.665164250628777,35.440589696898314,48.99100784753816,noise_2023-02-21T01:07:00.489562Z_WS.POZA.S5.DN1.MSEED,-115.84400007905651,129.54851350175477,-0.1461660253171844,0.3418343134667339,30.839557692262524,-20.69172783323347,20.373866491464923,30.839211308777717,noise_2023-02-21T01:07:00.489562Z_WS.POZA.S5.DN2.MSEED,noise_2023-02-21T01:07:00.489562Z_WS.POZA.S5.DNZ.MSEED,-127.0619243674446,124.3474106467038,0.7409939621819231,0.1557841223839204,31.273611166414497,-19.865263225248786,22.194219447032083,31.264831413842906,250.0,12Z,"bucket0$14,:3,:25001"
S5,"{'Z': (0.0, 90.0), '1': (0.0, 0.0), '2': (90.0, 0.0)}",3.9e-06,2023-02-21T20:07:00.489606Z,2023-02-21T20:08:40.493606Z,3x25001,-278.2282468070507,297.69321561189065,-2.0106509290399277,-2.7875655589116377,52.71712310592297,-36.842091901707136,33.270140121617715,52.67876565948247,noise_2023-02-21T20:07:00.489606Z_WS.POZA.S5.DN1.MSEED,-129.90406391490433,135.52048184390517,-0.7924949863461777,-0.697384726616292,31.07571763163526,-21.73118567397705,20.336177420083917,31.06561085859649,noise_2023-02-21T20:07:00.489606Z_WS.POZA.S5.DN2.MSEED,noise_2023-02-21T20:07:00.489606Z_WS.POZA.S5.DNZ.MSEED,-128.80267114759772,128.59769482858246,0.0379732789003779,0.4018588347535115,31.09381622713608,-20.627882501401476,20.42290618238621,31.09379303972104,250.0,12Z,"bucket0$15,:3,:25001"
S6,"{'Z': (0.0, 90.0), '1': (90.0, 0.0), '2': (180.0, 0.0)}",3.9e-06,2023-02-21T20:07:00.490689Z,2023-02-21T20:08:40.494689Z,3x25001,-194.1935848650028,193.423825892598,-0.7439758475791611,-0.8834952646138845,48.58999180611288,-32.936275073632714,32.1665161012279,48.58429585428177,noise_2023-02-21T20:07:00.490689Z_WS.POZA.S6.DN1.MSEED,-129.77245895180732,115.62018522311504,0.0478355246839207,0.4358807992937556,31.844136168625564,-21.599375491562316,21.46953249624167,31.844100239896424,noise_2023-02-21T20:07:00.490689Z_WS.POZA.S6.DN2.MSEED,noise_2023-02-21T20:07:00.490689Z_WS.POZA.S6.DNZ.MSEED,-122.4066027777153,131.00483697120217,0.6232760430980312,0.7916130003577564,31.72765504415516,-21.24682232429041,21.82135433648364,31.72153245943637,250.0,12Z,"bucket0$16,:3,:25001"
S6,"{'Z': (0.0, 90.0), '1': (90.0, 0.0), '2': (180.0, 0.0)}",3.9e-06,2023-02-21T01:07:00.490149Z,2023-02-21T01:08:40.494149Z,3x25001,-173.5061876480613,196.08463887554532,1.731456988089252,1.7734969077719145,47.37803987536023,-30.275462090685323,32.825224349413475,47.34639077194497,noise_2023-02-21T01:07:00.490149Z_WS.POZA.S6.DN1.MSEED,-131.9263723790602,133.49831889890189,-0.5009345585484001,-0.7164280340509492,31.236806289057583,-21.750079730998863,20.317223662896936,31.232789368036944,noise_2023-02-21T01:07:00.490149Z_WS.POZA.S6.DN2.MSEED,noise_2023-02-21T01:07:00.490149Z_WS.POZA.S6.DNZ.MSEED,-118.5612048258772,127.8352267302398,0.525439777649642,0.6328014826576691,31.410670304741316,-20.412223095743684,21.66254281878355,31.40627520151341,250.0,12Z,"bucket0$17,:3,:25001"
S2,"{'Z': (0.0, 90.0), '1': (0.0, 0.0), '2': (90.0, 0.0)}",3.9e-06,2023-04-28T21:50:39.469035Z,2023-04-28T21:52:19.473035Z,3x25001,-522.2699585827322,409.2207316974964,-0.5037085634174652,-0.4351143847488856,58.54077328400846,-36.49210366329862,35.62187489379721,58.53860618747952,noise_2023-04-28T21:50:39.469035Z_WS.POZA.S2.DN1.MSEED,-236.60184697548584,224.13537071979908,-0.6075330809652995,-0.2235807143119927,33.738356213799165,-22.258911630374318,21.81151140109023,33.73288578768167,noise_2023-04-28T21:50:39.469035Z_WS.POZA.S2.DN2.MSEED,noise_2023-04-28T21:50:39.469035Z_WS.POZA.S2.DNZ.MSEED,-168.2835564421257,175.2837293401244,0.5252758763809672,0.9936347199836746,32.593451266682166,-21.044800604664488,22.023376056109555,32.58921832028673,250.0,12Z,"bucket0$18,:3,:25001"
S2,"{'Z': (0.0, 90.0), '1': (0.0, 0.0), '2': (90.0, 0.0)}",3.9e-06,2023-04-28T08:08:16.707897Z,2023-04-28T08:09:56.711897Z,3x25001,-575.9833812734832,617.9263096568102,-3.2508958879363403,-3.068120665102469,76.39812022960982,-46.13629732588743,40.001966400959645,76.328922765514,noise_2023-04-28T08:08:16.707897Z_WS.POZA.S2.DN1.MSEED,-159.49739724095298,240.1421939516349,1.5351186412072728,1.760628952396928,34.504962943983514,-21.27623193236741,23.79595986845925,34.470797474427954,noise_2023-04-28T08:08:16.707897Z_WS.POZA.S2.DN2.MSEED,noise_2023-04-28T08:08:16.707897Z_WS.POZA.S2.DNZ.MSEED,-188.3773963334679,188.23225919349352,0.8686147019749875,0.9514086607669014,34.443242164633105,-21.08702666388126,23.967971489415504,34.43228774436961,250.0,12Z,"bucket0$19,:3,:25001"
S3,"{'Z': (0.0, 90.0), '1': (90.0, 0.0), '2': (180.0, 0.0)}",3.9e-06,2023-04-28T08:08:16.708092Z,2023-04-28T08:09:56.712092Z,3x25001,-441.979043379697,300.2086323775893,-0.6981479161375279,-1.2733802610891871,55.420818097775566,-36.3293171722562,34.78456422010095,55.41642056388916,noise_2023-04-28T08:08:16.708092Z_WS.POZA.S3.DN1.MSEED,-149.56518404540566,170.94780840389012,-0.2253094659572202,-0.3262338784588792,33.87172704737896,-22.3613259938611,22.71086580696556,33.870977677307835,noise_2023-04-28T08:08:16.708092Z_WS.POZA.S3.DN2.MSEED,noise_2023-04-28T08:08:16.708092Z_WS.POZA.S3.DNZ.MSEED,-135.24568580125924,141.1976000185532,0.1161416095244734,-0.0195583723834715,33.273144163808944,-22.057993697031637,22.00359371001832,33.272941464080354,250.0,12Z,"bucket0$20,:3,:25001"
S3,"{'Z': (0.0, 90.0), '1': (90.0, 0.0), '2': (180.0, 0.0)}",3.9e-06,2023-04-28T21:50:39.468683Z,2023-04-28T21:52:19.472683Z,3x25001,-272.52860569176846,289.37030286221125,1.0074662367732188,0.9086574179764284,50.43830463301048,-32.14421955578655,33.961534391739406,50.4282419486753,noise_2023-04-28T21:50:39.468683Z_WS.POZA.S3.DN1.MSEED,-145.40872587594004,138.0447921234645,-0.6686702451462694,-1.1779031538226263,33.111482691260925,-23.212995269224848,21.85919653160181,33.104730267998086,noise_2023-04-28T21:50:39.468683Z_WS.POZA.S3.DN2.MSEED,noise_2023-04-28T21:50:39.468683Z_WS.POZA.S3.DNZ.MSEED,-135.78109931130894,129.64296884619398,-0.6547882468603847,-0.554971882404061,32.56422921228804,-22.593407207052223,21.46818019996863,32.55764543916187,250.0,12Z,"bucket0$21,:3,:25001"
S4,"{'Z': (0.0, 90.0), '1': (0.0, 0.0), '2': (90.0, 0.0)}",3.9e-06,2023-04-28T21:50:39.470039Z,2023-04-28T21:52:19.474039Z,3x25001,-493.5980175186305,624.1896645744746,0.8126627658530278,1.1931295178001164,54.74500084667763,-32.861755025987804,35.2480140615844,54.73896872367799,noise_2023-04-28T21:50:39.470039Z_WS.POZA.S4.DN1.MSEED,-134.09956009594316,130.3234556941643,-0.4143736972845447,0.1140525338705629,31.515334570875535,-20.919509612827824,21.147614680572588,31.51261029418573,noise_2023-04-28T21:50:39.470039Z_WS.POZA.S4.DN2.MSEED,noise_2023-04-28T21:50:39.470039Z_WS.POZA.S4.DNZ.MSEED,-133.3192335504864,127.10721439120243,-1.0702090888673166,-1.0886216026265174,32.09314524945232,-22.1183629387815,19.941119733499363,32.07529617179775,250.0,12Z,"bucket0$22,:3,:25001"
S4,"{'Z': (0.0, 90.0), '1': (0.0, 0.0), '2': (90.0, 0.0)}",3.9e-06,2023-04-28T08:08:16.711406Z,2023-04-28T08:09:56.715406Z,3x25001,-441.2193738021124,396.12081300165664,2.113867510548361,2.491356823920796,60.65836461787172,-35.56964759467155,39.54939846985144,60.62152061984752,noise_2023-04-28T08:08:16.711406Z_WS.POZA.S4.DN1.MSEED,-136.25614416177268,126.16476689357296,-0.9231368892411768,-1.0395687592936156,32.0499235341221,-23.07418327337291,20.996956160070116,32.03662617734301,noise_2023-04-28T08:08:16.711406Z_WS.POZA.S4.DN2.MSEED,noise_2023-04-28T08:08:16.711406Z_WS.POZA.S4.DNZ.MSEED,-161.91047199387685,153.59678101720056,-0.0733350581417175,0.336427733185701,33.183593556815204,-22.6801350954629,22.374863057833863,33.1835125222328,250.0,12Z,"bucket0$23,:3,:25001"
S5,"{'Z': (0.0, 90.0), '1': (0.0, 0.0), '2': (90.0, 0.0)}",3.9e-06,2023-04-28T08:08:16.710394Z,2023-04-28T08:09:56.714394Z,3x25001,-389.09231899927454,416.1962222986075,-1.986974101197952,-1.472042633749879,61.93996673566959,-40.534577021044925,36.5888423845131,61.90808843064866,noise_2023-04-28T08:08:16.710394Z_WS.POZA.S5.DN1.MSEED,-143.5320342747641,140.92301369334243,1.2690668701741492,1.70031841605487,32.94869466226391,-20.33501250000745,22.73388056275553,32.92424561362247,noise_2023-04-28T08:08:16.710394Z_WS.POZA.S5.DN2.MSEED,noise_2023-04-28T08:08:16.710394Z_WS.POZA.S5.DNZ.MSEED,-128.74687468563206,139.65742571061128,-0.346689131687534,-0.5510386918031145,31.649007396169317,-21.580780027928995,20.47870264435187,31.647108490489035,250.0,12Z,"bucket0$24,:3,:25001"
S5,"{'Z': (0.0, 90.0), '1': (0.0, 0.0), '2': (90.0, 0.0)}",3.9e-06,2023-04-28T21:50:39.469607Z,2023-04-28T21:52:19.473607Z,3x25001,-293.65826106930126,268.2408862853382,-3.732771102856463,-4.195085656365336,54.01605341862148,-39.25114196786262,31.862620024164016,53.886922781107,noise_2023-04-28T21:50:39.469607Z_WS.POZA.S5.DN1.MSEED,-159.03228814222757,147.4583295426014,0.360812953041943,0.2226781137183024,31.930528692895773,-20.811122833642003,21.256240260418508,31.92849004605111,noise_2023-04-28T21:50:39.469607Z_WS.POZA.S5.DN2.MSEED,noise_2023-04-28T21:50:39.469607Z_WS.POZA.S5.DNZ.MSEED,-131.7267889988434,129.67778644684586,1.513347090030978,1.481950453016907,31.952816658994312,-19.547790883108974,22.511691789142787,31.916959019123755,250.0,12Z,"bucket0$25,:3,:25001"
S6,"{'Z': (0.0, 90.0), '1': (90.0, 0.0), '2': (180.0, 0.0)}",3.9e-06,2023-04-28T08:08:16.710864Z,2023-04-28T08:09:56.714864Z,3x25001,-223.91517441636825,217.79345147489948,-1.0771111757371004,-0.5582305522839306,52.244457667123775,-36.61521983083367,33.49665399150399,52.23335321848469,noise_2023-04-28T08:08:16.710864Z_WS.POZA.S6.DN1.MSEED,-145.1017773653462,149.3694051592744,-0.6087523286239063,-0.8710003511679645,32.36125889156355,-22.906256642024037,21.164255939688104,32.355532720837324,noise_2023-04-28T08:08:16.710864Z_WS.POZA.S6.DN2.MSEED,noise_2023-04-28T08:08:16.710864Z_WS.POZA.S6.DNZ.MSEED,-140.41678271928686,138.02860783526555,-1.2215164023750475,-1.1864458208729047,32.06736671330338,-22.231470399274254,20.836706261499785,32.044093146852944,250.0,12Z,"bucket0$26,:3,:25001"
S6,"{'Z': (0.0, 90.0), '1': (90.0, 0.0), '2': (180.0, 0.0)}",3.9e-06,2023-04-28T21:50:39.467995Z,2023-04-28T21:52:19.475995Z,3x25001,-267.6247484527048,194.11638721788768,0.6780019456656965,0.8062976174915093,51.04145112939193,-33.39748881037667,34.86118216127943,51.03694785893698,noise_2023-04-28T21:50:39.467995Z_WS.POZA.S6.DN1.MSEED,-133.66583005636514,136.7668757958021,-0.4262144001612253,-0.4526849188752351,32.42781579852699,-22.48794120973133,21.38498320648634,32.42501470698635,noise_2023-04-28T21:50:39.467995Z_WS.POZA.S6.DN2.MSEED,noise_2023-04-28T21:50:39.467995Z_WS.POZA.S6.DNZ.MSEED,-127.71162285932223,117.6761147083016,0.3647903214740136,0.4842131345358211,32.25085284478581,-21.53893894786597,22.17233641372877,32.24878970189993,250.0,12Z,"bucket0$27,:3,:25001"
S2,"{'Z': (0.0, 90.0), '1': (0.0, 0.0), '2': (90.0, 0.0)}",3.9e-06,2023-03-10T05:20:27.821082Z,2023-03-10T05:22:07.825082Z,3x25001,-280.9768629528371,359.0471143757313,0.3207813314729242,0.4735951091643073,52.11801626301045,-33.581289434619976,34.526569247667794,52.11702906468202,noise_2023-03-10T05:20:27.821082Z_WS.POZA.S2.DN1.MSEED,-134.04731985361832,156.41738552801962,0.3719527454999076,0.1674867794995407,31.61307083706502,-20.86631416786122,21.201048926199743,31.610882602426827,noise_2023-03-10T05:20:27.821082Z_WS.POZA.S2.DN2.MSEED,noise_2023-03-10T05:20:27.821082Z_WS.POZA.S2.DNZ.MSEED,-131.171608209057,118.25090531259777,0.0100650812861001,0.0503097503096796,31.964276732999892,-20.9794315858162,21.08005108643556,31.964275148326525,250.0,12Z,"bucket0$28,:3,:25001"
S2,"{'Z': (0.0, 90.0), '1': (0.0, 0.0), '2': (90.0, 0.0)}",3.9e-06,2023-03-10T03:12:24.012432Z,2023-03-10T03:14:04.016432Z,3x25001,-200.06930392097277,175.53165761748824,-2.2716209652542427,-2.753094445772149,48.5307313249248,-34.80587425479462,30.29882732535043,48.47753728400616,noise_2023-03-10T03:12:24.012432Z_WS.POZA.S2.DN1.MSEED,-124.5671967588396,139.8558190312683,0.195086395204473,0.6331237539807262,31.14287888834629,-20.40067719337958,21.66668590068093,31.142267848579984,noise_2023-03-10T03:12:24.012432Z_WS.POZA.S2.DN2.MSEED,noise_2023-03-10T03:12:24.012432Z_WS.POZA.S2.DNZ.MSEED,-120.98753564379876,124.43076840831782,0.8826885826433729,1.2172693879983854,31.60513201959715,-20.821165936649777,22.24701072415337,31.592803466014576,250.0,12Z,"bucket0$29,:3,:25001"
S2,"{'Z': (0.0, 90.0), '1': (0.0, 0.0), '2': (90.0, 0.0)}",3.9e-06,2023-03-10T03:31:47.880432Z,2023-03-10T03:33:27.884432Z,3x25001,-189.05199666392943,219.6027970509349,1.5554642634709923,1.2530254290359153,49.77606041709485,-31.80080674736746,35.3079099728202,49.75175093975378,noise_2023-03-10T03:31:47.880432Z_WS.POZA.S2.DN1.MSEED,-124.5671967588396,119.82378685326968,-1.4881000722453537,-1.3701749840834054,31.631124487015736,-22.40373713078361,19.66338716261725,31.59610093806113,noise_2023-03-10T03:31:47.880432Z_WS.POZA.S2.DN2.MSEED,noise_2023-03-10T03:31:47.880432Z_WS.POZA.S2.DNZ.MSEED,-120.98753564379876,131.4304933588428,-0.518057461849456,-0.7695521044952329,31.24555346985689,-21.799293440650217,20.260189231630648,31.241258427020608,250.0,12Z,"bucket0$30,:3,:25001"
S3,"{'Z': (0.0, 90.0), '1': (90.0, 0.0), '2': (180.0, 0.0)}",3.9e-06,2023-03-10T03:12:24.010523Z,2023-03-10T03:14:04.014523Z,3x25001,-182.8500873548164,190.74781424624237,3.7726029983158376,4.448912028083214,47.82560025292916,-28.603964945679763,36.50073663446528,47.67657187938243,noise_2023-03-10T03:12:24.010523Z_WS.POZA.S3.DN1.MSEED,-137.6634691758327,130.76614409040303,-0.0070366626742249,-0.4438338359495901,32.36419292334724,-21.4773959826498,22.593265849474847,32.36419215838699,noise_2023-03-10T03:12:24.010523Z_WS.POZA.S3.DN2.MSEED,noise_2023-03-10T03:12:24.010523Z_WS.POZA.S3.DNZ.MSEED,-135.6978529957123,114.7027880299429,-0.1685988611677849,-0.4870088090829085,31.480186432965507,-21.51675014520879,21.55142651556525,31.479734946125262,250.0,12Z,"bucket0$31,:3,:25001"
S3,"{'Z': (0.0, 90.0), '1': (90.0, 0.0), '2': (180.0, 0.0)}",3.9e-06,2023-03-10T05:20:27.819356Z,2023-03-10T05:22:07.823356Z,3x25001,-296.865439233492,329.13616333060963,1.6139757237470904,1.6124611004015603,51.154279242520914,-32.44242344338454,35.666390441545445,51.12881151743037,noise_2023-03-10T05:20:27.819356Z_WS.POZA.S3.DN1.MSEED,-150.4288752638913,136.02971024293856,0.0172102056526494,-0.1883951282434282,32.438654702702635,-21.221957274943637,21.846696987158797,32.438650137297,noise_2023-03-10T05:20:27.819356Z_WS.POZA.S3.DN2.MSEED,noise_2023-03-10T05:20:27.819356Z_WS.POZA.S3.DNZ.MSEED,-124.74802499404176,129.6568255011225,-0.2576022503747548,-0.5411152274755295,31.752464924557813,-21.586139805876883,21.482036854926264,31.75141996613522,250.0,12Z,"bucket0$32,:3,:25001"
S3,"{'Z': (0.0, 90.0), '1': (90.0, 0.0), '2': (180.0, 0.0)}",3.9e-06,2023-03-10T03:31:47.878523Z,2023-03-10T03:33:27.882523Z,3x25001,-196.87246211928323,192.75087418364456,-0.9355822590823124,-0.5592154167461558,47.98322502643801,-33.61209239051095,31.492609189635917,47.974103115890905,noise_2023-03-10T03:31:47.878523Z_WS.POZA.S3.DN1.MSEED,-134.65840166840735,143.78698888616782,0.7710599234868456,0.5576961327524259,32.42732343592659,-21.4773959826498,22.593265849474847,32.41815497236942,noise_2023-03-10T03:31:47.878523Z_WS.POZA.S3.DN2.MSEED,noise_2023-03-10T03:31:47.878523Z_WS.POZA.S3.DNZ.MSEED,-138.70865171897458,123.71990095748332,-0.8757158027974611,-0.4870088090829085,31.466521296321854,-22.52544413373107,20.54273252707208,31.454333315532825,250.0,12Z,"bucket0$33,:3,:25001"
S4,"{'Z': (0.0, 90.0), '1': (0.0, 0.0), '2': (90.0, 0.0)}",3.9e-06,2023-03-10T03:12:24.010607Z,2023-03-10T03:14:04.014607Z,3x25001,-177.38954374974492,175.17384050197143,0.887809304158246,0.895208313515468,47.58794696234465,-31.15566109022257,32.94607771725714,47.57966467652192,noise_2023-03-10T03:12:24.010607Z_WS.POZA.S4.DN1.MSEED,-129.5262707498223,119.87140750315666,-0.088167684059026,-0.3198303621938976,31.02565429368749,-20.35234014151501,20.71373178450449,31.025529017421334,noise_2023-03-10T03:12:24.010607Z_WS.POZA.S4.DN2.MSEED,noise_2023-03-10T03:12:24.010607Z_WS.POZA.S4.DNZ.MSEED,-126.37419771932764,130.0480407528521,-0.0591694410638577,-0.1651832180214114,31.294004271372337,-21.19492455414729,20.864558118133573,31.2939483337266,250.0,12Z,"bucket0$34,:3,:25001"
S4,"{'Z': (0.0, 90.0), '1': (0.0, 0.0), '2': (90.0, 0.0)}",3.9e-06,2023-03-10T05:20:27.820181Z,2023-03-10T05:22:07.824181Z,3x25001,-257.57822050303366,271.26781107718125,-0.7250003875179116,-0.9430541091569468,50.66210011679522,-33.99688628556032,32.88744008124195,50.65691228926424,noise_2023-03-10T05:20:27.820181Z_WS.POZA.S4.DN1.MSEED,-120.94165040120788,122.346639787218,-1.0076484660938183,-0.7504125358573219,31.32362246658873,-21.88322773225809,20.283149610844703,31.30741076803201,noise_2023-03-10T05:20:27.820181Z_WS.POZA.S4.DN2.MSEED,noise_2023-03-10T05:20:27.820181Z_WS.POZA.S4.DNZ.MSEED,-120.50023542364944,133.90461507151485,-0.3938682524561522,-0.3128183688677382,31.564941134768187,-21.67921421286883,20.71692296728725,31.56248368936019,250.0,12Z,"bucket0$35,:3,:25001"
S4,"{'Z': (0.0, 90.0), '1': (0.0, 0.0), '2': (90.0, 0.0)}",3.9e-06,2023-03-10T03:31:47.879535Z,2023-03-10T03:33:27.883535Z,3x25001,-212.4147680282804,185.22080802426356,0.2570197514608281,-0.0751314212320721,48.25588995319086,-32.126000824973744,32.97679034989051,48.25520548108689,noise_2023-03-10T03:31:47.879535Z_WS.POZA.S4.DN1.MSEED,-159.73390708665102,113.70431122573429,-0.9184993939121504,-1.479754397427314,31.0029305184656,-21.51226417674843,20.554860116655615,30.98932170274428,noise_2023-03-10T03:31:47.879535Z_WS.POZA.S4.DN2.MSEED,noise_2023-03-10T03:31:47.879535Z_WS.POZA.S4.DNZ.MSEED,-143.49282996947295,119.92913345326087,-2.0851937568839043,-2.245105094043538,31.6090125421435,-23.30541291466216,18.784636242111446,31.540159176606007,250.0,12Z,"bucket0$36,:3,:25001"
S5,"{'Z': (0.0, 90.0), '1': (0.0, 0.0), '2': (90.0, 0.0)}",3.9e-06,2023-03-10T03:12:24.012497Z,2023-03-10T03:14:04.016497Z,3x25001,-213.1530689413889,220.5408097933341,2.554165376869431,2.191396372424606,50.1097577428959,-30.861480601338823,36.2459227152201,50.04462069273015,noise_2023-03-10T03:12:24.012497Z_WS.POZA.S5.DN1.MSEED,-135.51037930206758,129.91440525740245,0.5720701107363375,0.7074872684538605,31.434490559905708,-20.326074878246345,21.74128821581462,31.42928463311325,noise_2023-03-10T03:12:24.012497Z_WS.POZA.S5.DN2.MSEED,noise_2023-03-10T03:12:24.012497Z_WS.POZA.S5.DNZ.MSEED,-121.6651566348155,132.73969386034878,0.8340322151181102,0.5396483969816472,31.292800853069263,-20.490092939173337,21.569389733107528,31.28168434554065,250.0,12Z,"bucket0$37,:3,:25001"
S5,"{'Z': (0.0, 90.0), '1': (0.0, 0.0), '2': (90.0, 0.0)}",3.9e-06,2023-03-10T03:31:47.880497Z,2023-03-10T03:33:27.884497Z,3x25001,-202.13552288368783,217.5359810865683,-0.9402061159665268,-0.8133129340110372,50.812327457126855,-34.867839276806535,33.24109400845418,50.80362815852549,noise_2023-03-10T03:31:47.880497Z_WS.POZA.S5.DN1.MSEED,-121.48800453760076,113.88873175487151,0.5790002489777492,0.7074872684538605,31.450076962474235,-20.326074878246345,21.74128821581462,31.44474677362299,noise_2023-03-10T03:31:47.880497Z_WS.POZA.S5.DN2.MSEED,noise_2023-03-10T03:31:47.880497Z_WS.POZA.S5.DNZ.MSEED,-125.66936610435368,127.72679040231742,-0.4481695176616039,-0.4690455915406346,31.15073196062717,-21.498786927666515,20.56069574461435,31.147507858034583,250.0,12Z,"bucket0$38,:3,:25001"
S5,"{'Z': (0.0, 90.0), '1': (0.0, 0.0), '2': (90.0, 0.0)}",3.9e-06,2023-03-10T05:20:27.820117Z,2023-03-10T05:22:07.824117Z,3x25001,-267.55127648960865,275.3173089555692,0.2914181364900717,-0.1234319927350497,52.74213758555708,-34.42333515481505,35.6888968685098,52.74133248756196,noise_2023-03-10T05:20:27.820117Z_WS.POZA.S5.DN1.MSEED,-135.96365708706026,122.44994009017591,-0.0756586840182951,0.2542094834611816,31.93107681017287,-21.27373501983675,21.28801043082194,31.93098717579215,noise_2023-03-10T05:20:27.820117Z_WS.POZA.S5.DN2.MSEED,noise_2023-03-10T05:20:27.820117Z_WS.POZA.S5.DNZ.MSEED,-115.08738697925584,126.54505197660184,0.7067624207139515,0.3360374752664938,31.397565417937663,-19.9339207301382,22.156128426635405,31.389609762695983,250.0,12Z,"bucket0$39,:3,:25001"
S6,"{'Z': (0.0, 90.0), '1': (90.0, 0.0), '2': (180.0, 0.0)}",3.9e-06,2023-03-10T03:31:47.878169Z,2023-03-10T03:33:27.882169Z,3x25001,-202.0828033699363,196.5576458605501,-0.546648464502507,-0.76047401993128,49.34559857559205,-33.81048538577306,32.293358156472095,49.34257060834727,noise_2023-03-10T03:31:47.878169Z_WS.POZA.S6.DN1.MSEED,-137.81917808291334,127.60551692630904,0.6610262455468096,0.401987225672201,31.478923765420312,-20.63167193379634,21.435638922620114,31.471982551658304,noise_2023-03-10T03:31:47.878169Z_WS.POZA.S6.DN2.MSEED,noise_2023-03-10T03:31:47.878169Z_WS.POZA.S6.DNZ.MSEED,-124.40460738629918,152.03867843351327,-0.9583532854038864,-1.2063916082552169,31.852698735008392,-22.236132944381097,20.832043716392945,31.838278466078343,250.0,12Z,"bucket0$40,:3,:25001"
S6,"{'Z': (0.0, 90.0), '1': (90.0, 0.0), '2': (180.0, 0.0)}",3.9e-06,2023-03-10T03:12:24.010169Z,2023-03-10T03:14:04.014169Z,3x25001,-204.0849081046981,189.54645847831853,0.8710296652929901,1.2454515253921272,49.16940435441742,-32.80943301838852,34.29546289123391,49.16168865987419,noise_2023-03-10T03:12:24.010169Z_WS.POZA.S6.DN1.MSEED,-124.79834448092926,131.61193530194177,-1.397825832769242,-1.601221962144166,31.47991460831884,-22.634881121612693,20.43403432871193,31.448864950715308,noise_2023-03-10T03:12:24.010169Z_WS.POZA.S6.DN2.MSEED,noise_2023-03-10T03:12:24.010169Z_WS.POZA.S6.DNZ.MSEED,-130.41092159060645,127.0047276278492,1.1876472005890628,0.7957131265138742,31.78901389764049,-20.234028209612006,22.83414845116204,31.766820720860466,250.0,12Z,"bucket0$41,:3,:25001"
S6,"{'Z': (0.0, 90.0), '1': (90.0, 0.0), '2': (180.0, 0.0)}",3.9e-06,2023-03-10T05:20:27.820891Z,2023-03-10T05:22:07.824891Z,3x25001,-237.54142545311333,202.161274892831,0.3363257915182677,0.838945542818692,49.474244122608845,-33.21593900096195,33.89277771922934,49.47310093844255,noise_2023-03-10T05:20:27.820891Z_WS.POZA.S6.DN1.MSEED,-133.41784785285284,134.01005121370295,-0.1543422873301174,-0.2046957192498553,31.980953971652607,-22.23995947262657,20.828955977698055,31.98058153622725,noise_2023-03-10T05:20:27.820891Z_WS.POZA.S6.DN2.MSEED,noise_2023-03-10T05:20:27.820891Z_WS.POZA.S6.DNZ.MSEED,-118.75511103883036,128.63473126353347,-1.0594144794328353,-1.578492707310943,31.782204815254648,-22.608234043436823,20.45994261733722,31.76454287219619,250.0,12Z,"bucket0$42,:3,:25001"
